<?xml version="1.0"?>
<!--
/**
 * @author Rootways Inc. Team
 * @copyright Copyright (c) 2018 Rootways (https://www.rootways.com/shop)
 * @package Rootways_Megamenu
 */
-->
<config xmlns:xsi="http://www.w3.org/2001/XMLSchema-instance" xsi:noNamespaceSchemaLocation="../../../../Magento/Backend/etc/system_file.xsd">
    <system>
        <tab id="rootways_extensions" translate="label" sortOrder="51" class="rootways-configtab">
            <label>Rootways Extensions</label>
        </tab>
        <section id="rootmegamenu_option" translate="label" type="text" sortOrder="10" showInDefault="1" showInWebsite="1" showInStore="1">
            <class>separator-top</class>
            <label>Mega Menu</label>
            <tab>rootways_extensions</tab>
            <resource>Rootways_Megamenu::config_megamenu</resource>
            <group id="general" translate="label" type="text" sortOrder="20" showInDefault="1" showInWebsite="1" showInStore="1">
                <label>Settings</label>
                <field id="enable" translate="label" type="select" sortOrder="10" showInDefault="1" showInWebsite="1" showInStore="1">
                    <label>Enable</label>
                    <source_model>Magento\Config\Model\Config\Source\Yesno</source_model>
                </field>
                
                <field id="licencekey" translate="label comment" type="text" sortOrder="20" showInDefault="1" showInWebsite="1" showInStore="1">
                    <label>License Key</label>
                    <comment>Please enter license key for this extension that was emailed by us to you after your purchase.</comment>
                </field>
                
                <field id="ismultistore" translate="label" type="select" sortOrder="30" showInDefault="1" showInWebsite="1" showInStore="1">
                    <label>Is Multi Store</label>
                    <source_model>Magento\Config\Model\Config\Source\Yesno</source_model>
                    <comment>If your website has multiple stores with different URLs then set this option to Yes and contact us for register multi-store license key.</comment>
                </field>
                
                <field id="general_heading" translate="label comment" sortOrder="40" showInDefault="1" showInWebsite="1" showInStore="1">
                    <label>General Settings</label>
                    <frontend_model>Magento\Config\Block\System\Config\Form\Field\Heading</frontend_model>
                </field>
                
                <field id="sticky" translate="label" type="select" sortOrder="50" showInDefault="1" showInWebsite="1" showInStore="1">
                    <label>Sticky Menu</label>
                    <source_model>Magento\Config\Model\Config\Source\Yesno</source_model>
                </field>
                
                <field id="show_home_link" translate="label" type="select" sortOrder="60" showInDefault="1" showInWebsite="1" showInStore="1">
                    <label>Show Home link To Menu</label>
                    <source_model>Magento\Config\Model\Config\Source\Yesno</source_model>
                </field>
                
                <field id="topmenualignmenttype" translate="label" type="select" sortOrder="70" showInDefault="1" showInWebsite="1" showInStore="1">
                    <label>Top Menu Alignment</label>
                    <source_model>Rootways\Megamenu\Model\Config\Backend\Design\Alignmenttype</source_model>
                </field>
                
                <field id="topmenuarrow" translate="label" type="select" sortOrder="80" showInDefault="1" showInWebsite="1" showInStore="1">
                    <label>Show Top Level Category Arrow</label>
                    <source_model>Magento\Config\Model\Config\Source\Yesno</source_model>
                    <comment>
                        <![CDATA[If the main category has subcategory then display arrow icon with the category name. <a target="_blank" href="http://rootways.com/pub/media/wysiwyg/description_m2/megamenu/systemxml_learnmore/cat_arrow.jpg">Learn more</a>]]>
                    </comment>
                </field>
                
                <field id="topmenu_icon" translate="label" type="select" sortOrder="90" showInDefault="1" showInWebsite="1" showInStore="1">
                    <label>Show Top Level Category Icon</label>
                    <source_model>Magento\Config\Model\Config\Source\Yesno</source_model>
                    <comment>
                        <![CDATA[Display top level categories icons. <a target="_blank" href="http://rootways.com/pub/media/wysiwyg/description_m2/megamenu/systemxml_learnmore/top_cat_icon.jpg">Learn more</a>]]>
                    </comment>
                </field>
                
                <field id="image_source" translate="label" type="select" sortOrder="100" showInDefault="1" showInWebsite="1" showInStore="1">
                    <label>Mega Menu Image Source</label>
                    <source_model>Rootways\Megamenu\Model\Config\Backend\Design\ImageSource</source_model>
                    <comment>
                        <![CDATA[Choose from where you want to display all the category images in mega menu at the front-end. <a target="_blank" href="http://rootways.com/pub/media/wysiwyg/description_m2/megamenu/systemxml_learnmore/image_source.jpg">Learn more</a>]]>
                    </comment>
                </field>
                
                <field id="show_contactus" translate="label" type="select" sortOrder="110" showInDefault="1" showInWebsite="1" showInStore="1">
                    <label>Show Contact Form To Menu</label>
                    <source_model>Rootways\Megamenu\Model\Config\Backend\Design\Contactus</source_model>
                </field>
                
                <field id="contactus_content" translate="label comment" type="editor" sortOrder="120" showInDefault="1" showInWebsite="1" showInStore="1">
                    <label>Contact Us Menu Content</label>
                    <comment>Please add content for contact us menu.</comment>
                    <frontend_model>Rootways\Megamenu\Block\Adminhtml\System\Config\Editor</frontend_model>
                    <depends>
                        <field id="show_contactus">2</field>
                    </depends>
                </field>
                
                <field id="custom_link" translate="label" sortOrder="130" showInDefault="1" showInWebsite="1" showInStore="1">
                    <label>Custom Link</label>
                    <frontend_model>Rootways\Megamenu\Block\Adminhtml\System\Config\CustomLinks</frontend_model>
                    <backend_model>Magento\Config\Model\Config\Backend\Serialized\ArraySerialized</backend_model>
                </field>
                
                
                
                
                
                <!--
                <field id="toplevel_heading" translate="label comment" sortOrder="150" showInDefault="1" showInWebsite="1" showInStore="1">
                    <label>Top Level Category Settings</label>
                    <frontend_model>Magento\Config\Block\System\Config\Form\Field\Heading</frontend_model>
                </field>
                -->
                <field id="underline" translate="label" type="select" sortOrder="160" showInDefault="1" showInWebsite="1" showInStore="1">
                    <label>Add Underline To Link</label>
                    <source_model>Magento\Config\Model\Config\Source\Yesno</source_model>
                    <comment>Add underline to link when the mouse hovers on it.</comment>
                </field>
                
                <field id="show_view_more" translate="label" type="select" sortOrder="170" showInDefault="1" showInWebsite="1" showInStore="1">
                    <label>Show View More</label>
                    <source_model>Magento\Config\Model\Config\Source\Yesno</source_model>
                    <comment>
                        <![CDATA[This option is only for level 1 categories (Top Categories), if you want to set "View More" for subcategories then you can do it from that specific category page at the admin side. <a target="_blank" href="http://rootways.com/pub/media/wysiwyg/description_m2/megamenu/systemxml_learnmore/top_view_more.jpg">Learn more</a>]]>
                    </comment>
                </field>
                
                <field id="view_more" translate="label" sortOrder="180" showInDefault="1" showInWebsite="1" showInStore="1">
                    <label>Add View More After</label>
                    <source_model>Rootways\Megamenu\Model\Config\Backend\Design\Alignmenttype</source_model>
                     <depends>
                        <field id="show_view_more">1</field>
                    </depends>
                </field> 
                
                <field id="dropdownanimation" translate="label" type="select" sortOrder="190" showInDefault="1" showInWebsite="1" showInStore="1">
                    <label>Dropdown Effects</label>
                    <source_model>Rootways\Megamenu\Model\Config\Backend\Design\Dropdownanimation</source_model>
                </field>
                
                <field id="dropdown_delay" translate="label" type="select" sortOrder="200" showInDefault="1" showInWebsite="1" showInStore="1">
                    <label>Delay Dropdown Hover</label>
                    <source_model>Magento\Config\Model\Config\Source\Yesno</source_model>
                </field>
                
                <field id="delay_hover_second" translate="label comment" type="text" sortOrder="220" showInDefault="1" showInWebsite="1" showInStore="1">
                    <label>Delay Second</label>
                    <comment>E.g 0.3</comment>
                    <depends>
                        <field id="dropdown_delay">1</field>
                    </depends>
                </field>
                
                <field id="manage_masonry" translate="label" type="select" sortOrder="230" showInDefault="1" showInWebsite="1" showInStore="1">
                    <label>Masonry.js</label>
                    <source_model>Rootways\Megamenu\Model\Config\Backend\Design\Masonry</source_model>
                    <depends>
                        <field id="enable_masonry">1</field>
                    </depends>
                    <comment>
                        <![CDATA[Masonry is a JavaScript grid layout library. It works by placing elements in optimal position based on available vertical space, sort of like a mason fitting stones in a wall. You’ve probably seen it in use all over the Internet. <a target="_blank" href="https://masonry.desandro.com/">Learn more</a>]]>
                    </comment>
                </field>
                
                <field id="masonry_category" translate="label" type="multiselect" sortOrder="240" showInDefault="1" showInWebsite="1" showInStore="1">
                    <label>Masonry.js - Select Categories</label>
                    <source_model>Rootways\Megamenu\Model\Config\Backend\Design\MasonryCategory</source_model>
                    <comment>Masonry.js enabled for selected category.</comment>
                    <depends>
                         <field id="manage_masonry">2</field>
                    </depends>
                </field>
                
                <field id="toplevel_heading" translate="label" sortOrder="250" showInDefault="1" showInWebsite="1" showInStore="1">
                    <label>Show All Categories Settings</label>
                    <frontend_model>Magento\Config\Block\System\Config\Form\Field\Heading</frontend_model>
                </field>
                <field id="show_all_category" translate="label" type="select" sortOrder="260" showInDefault="1" showInWebsite="1" showInStore="1">
                    <label>Show All Category Under One Menu</label>
                    <!--<source_model>Magento\Config\Model\Config\Source\Yesno</source_model>-->
                    <source_model>Rootways\Megamenu\Model\Config\Backend\Design\ShowAllCategories</source_model>
                    <comment>
                        <![CDATA[Display all categories to one custom link like "All Categories". <a target="_blank" href="http://rootways.com/pub/media/wysiwyg/description_m2/megamenu/systemxml_learnmore/all_categories.jpg">Learn more</a>]]>
                    </comment>
                    <!--<tooltip></tooltip>-->
                </field>
                
                <field id="all_category_title" translate="label comment" type="text" sortOrder="270" showInDefault="1" showInWebsite="1" showInStore="1">
                    <label>All Category Menu Title</label>
                    <depends>
                        <field id="show_all_category" separator="|">1|2</field>
                    </depends>
                    <comment>Title of all category custom link.</comment>
                </field>
                
                <field id="show_all_category_selected_categories" translate="label" type="multiselect" sortOrder="280" showInDefault="1" showInWebsite="1" showInStore="0">
                    <label>Category from Specific Countries</label>
                    <source_model>Rootways\Megamenu\Model\Config\Backend\Design\ShowAllSpecificCategories</source_model>
                    <depends>
                        <field id="show_all_category">2</field>
                    </depends>
                </field>
                
                <field id="show_all_columns" translate="label comment" type="select" sortOrder="290" showInDefault="1" showInWebsite="1" showInStore="1">
                    <label>Number of Columns</label>
                    <source_model>Rootways\Megamenu\Model\Config\Backend\Design\ShowAllCategoriesColumns</source_model>
                    <depends>
                        <field id="show_all_category" separator="|">1|2</field>
                    </depends>
                    <comment>
                        <![CDATA[Choose how many columns you want a display at the front-end. <a target="_blank" href="http://rootways.com/pub/media/wysiwyg/description_m2/megamenu/systemxml_learnmore/view_all_cat_columns.jpg">Learn more</a>]]>
                    </comment>
                </field>
                
                <field id="show_all_width" translate="label comment" type="select" sortOrder="300" showInDefault="1" showInWebsite="1" showInStore="1">
                    <label>Width of Dropdown</label>
                    <source_model>Rootways\Megamenu\Model\Config\Backend\Design\ShowAllCategoriesWidth</source_model>
                    <depends>
                        <field id="show_all_category" separator="|">1|2</field>
                    </depends>
                    <comment>
                        <![CDATA[Choose whether you want to open the dropdown in full width or half. <a target="_blank" href="http://rootways.com/pub/media/wysiwyg/description_m2/megamenu/systemxml_learnmore/view_all_cat_width.jpg">Learn more</a>]]>
                    </comment>
                </field>
                
                <field id="show_all_category_icon" translate="label" type="select" sortOrder="310" showInDefault="1" showInWebsite="1" showInStore="1">
                    <label>Display Icon of All Categories</label>
                    <source_model>Magento\Config\Model\Config\Source\Yesno</source_model>
                    <depends>
                        <field id="show_all_category" separator="|">1|2</field>
                    </depends>
                    <comment>
                        <![CDATA[Choose wheter you want to display icon of main category or not for dropdown of "All Categories". <a target="_blank" href="http://rootways.com/pub/media/wysiwyg/description_m2/megamenu/systemxml_learnmore/all_cat_icon.jpg">Learn more</a>]]>
                    </comment>
                </field>
                
                <field id="show_all_cat_bgcolor" translate="label comment" type="text" sortOrder="320" showInDefault="1" showInWebsite="1" showInStore="1">
                    <label>All Categories Background Color</label>
                    <backend_model>Rootways\Megamenu\Model\Config\Backend\Design\Color\Validatetransparent</backend_model>
                    <frontend_model>Rootways\Megamenu\Block\System\Config\Form\Field\Color</frontend_model>
                    <depends>
                        <field id="show_all_category" separator="|">1|2</field>
                    </depends>
                    <comment>
                        <![CDATA[Default is FF0707. <a target="_blank" href="http://rootways.com/pub/media/wysiwyg/description_m2/megamenu/systemxml_learnmore/all_categories_bg_color.jpg">Learn more</a>]]>
                    </comment>
                </field>
                
                <field id="show_all_cat_fontcolor" translate="label comment" type="text" sortOrder="330" showInDefault="1" showInWebsite="1" showInStore="1">
                    <label>All Categories Font Color</label>
                    <backend_model>Rootways\Megamenu\Model\Config\Backend\Design\Color\Validatetransparent</backend_model>
                    <frontend_model>Rootways\Megamenu\Block\System\Config\Form\Field\Color</frontend_model>
                    <depends>
                        <field id="show_all_category" separator="|">1|2</field>
                    </depends>
                    <comment>Default is FFFFFF</comment>
                </field>
                
                <field id="show_all_cat_hoverbgcolor" translate="label comment" type="text" sortOrder="340" showInDefault="1" showInWebsite="1" showInStore="1">
                    <label>All Categories Hover Background Color</label>
                    <backend_model>Rootways\Megamenu\Model\Config\Backend\Design\Color\Validatetransparent</backend_model>
                    <frontend_model>Rootways\Megamenu\Block\System\Config\Form\Field\Color</frontend_model>
                    <depends>
                        <field id="show_all_category" separator="|">1|2</field>
                    </depends>
                    <comment>Default is 097FB4</comment>
                </field>
                
                <field id="show_all_cat_hovercolor" translate="label comment" type="text" sortOrder="350" showInDefault="1" showInWebsite="1" showInStore="1">
                    <label>All Categories Hover Font Color</label>
                    <backend_model>Rootways\Megamenu\Model\Config\Backend\Design\Color\Validatetransparent</backend_model>
                    <frontend_model>Rootways\Megamenu\Block\System\Config\Form\Field\Color</frontend_model>
                    <depends>
                        <field id="show_all_category" separator="|">1|2</field>
                    </depends>
                    <comment>Default is FFFFFF</comment>
                </field>
                
                <field id="show_all_cat_fontsize" translate="label comment" type="text" sortOrder="360" showInDefault="1" showInWebsite="1" showInStore="1">
                    <label>All Categories Font Size</label>
                    <depends>
                        <field id="show_all_category" separator="|">1|2</field>
                    </depends>
                    <comment>Default is 13. Please do no write PX with font size.</comment>
                </field>
            </group>
            
            <group id="design" translate="label" type="text" sortOrder="30" showInDefault="1" showInWebsite="1" showInStore="1">
                <label>Design</label>
                
                <field id="basic_heading" translate="label comment" sortOrder="10" showInDefault="1" showInWebsite="1" showInStore="1">
                    <label>Main Category Design</label>
                    <frontend_model>Magento\Config\Block\System\Config\Form\Field\Heading</frontend_model>
                </field>
                
                <field id="transparent_background" translate="label" type="select" sortOrder="20" showInDefault="1" showInWebsite="1" showInStore="1">
                    <label>Transparent Background</label>
                    <source_model>Magento\Config\Model\Config\Source\Yesno</source_model>
                </field>
                
                <field id="bgcolor" translate="label comment" type="text" sortOrder="30" showInDefault="1" showInWebsite="1" showInStore="1">
                    <label>Menu Background Color</label>
                    <backend_model>Rootways\Megamenu\Model\Config\Backend\Design\Color\Validatetransparent</backend_model>
                    <frontend_model>Rootways\Megamenu\Block\System\Config\Form\Field\Color</frontend_model>
                    <depends>
                         <field id="transparent_background">0</field>
                    </depends>
                    <comment>Default is 179BD7</comment>
                </field>
                
                <field id="mainbordercolor" translate="label comment" type="text" sortOrder="40" showInDefault="1" showInWebsite="1" showInStore="1">
                    <label>Border Color</label>
                    <backend_model>Rootways\Megamenu\Model\Config\Backend\Design\Color\Validatetransparent</backend_model>
                    <frontend_model>Rootways\Megamenu\Block\System\Config\Form\Field\Color</frontend_model>
                    <depends>
                         <field id="transparent_background">0</field>
                    </depends>
                    <comment>Default is 097FB4</comment>
                </field>
                
                <field id="fontcolor" translate="label comment" type="text" sortOrder="50" showInDefault="1" showInWebsite="1" showInStore="1">
                    <label>Font Color</label>
                    <backend_model>Rootways\Megamenu\Model\Config\Backend\Design\Color\Validatetransparent</backend_model>
                    <frontend_model>Rootways\Megamenu\Block\System\Config\Form\Field\Color</frontend_model>
                    <comment>Default is FFFFFF</comment>
                </field>
                
                <field id="fontsize" translate="label comment" type="text" sortOrder="60" showInDefault="1" showInWebsite="1" showInStore="1">
                    <label>Font Size</label>
                    <comment>Default is 13. Please do no write PX with font size.</comment>
                </field>
                
                <field id="hoverbgcolor" translate="label comment" type="text" sortOrder="70" showInDefault="1" showInWebsite="1" showInStore="1">
                    <label>Hover Background Color</label>
                    <backend_model>Rootways\Megamenu\Model\Config\Backend\Design\Color\Validatetransparent</backend_model>
                    <frontend_model>Rootways\Megamenu\Block\System\Config\Form\Field\Color</frontend_model>
                    <comment>Default is 097FB4</comment>
                </field>
                
                <field id="hoverfontcolor" translate="label comment" type="text" sortOrder="80" showInDefault="1" showInWebsite="1" showInStore="1">
                    <label>Hover Font Color</label>
                    <backend_model>Rootways\Megamenu\Model\Config\Backend\Design\Color\Validatetransparent</backend_model>
                    <frontend_model>Rootways\Megamenu\Block\System\Config\Form\Field\Color</frontend_model>
                    <comment>Default is FFFFFF</comment>
                </field>
                
                <field id="menulabel" translate="label comment" type="select" sortOrder="90" showInDefault="1" showInWebsite="1" showInStore="1">
                    <label>Menu Font Style</label>
                    <source_model>Rootways\Megamenu\Model\Config\Backend\Design\Menulabel</source_model>
                    <comment>e.g Display main category font in upper case (Caps)</comment>
                </field>
                
                <field id="active_heading" translate="label comment" sortOrder="90" showInDefault="1" showInWebsite="1" showInStore="1">
                    <label>Activated Menu Design</label>
                    <frontend_model>Magento\Config\Block\System\Config\Form\Field\Heading</frontend_model>
                </field>
                
                <field id="activebgcolor" translate="label comment" type="text" sortOrder="100" showInDefault="1" showInWebsite="1" showInStore="1">
                    <label>Active Menu Background color</label>
                    <backend_model>Rootways\Megamenu\Model\Config\Backend\Design\Color\Validatetransparent</backend_model>
                    <frontend_model>Rootways\Megamenu\Block\System\Config\Form\Field\Color</frontend_model>
                    <comment>Default is 097FB4</comment>
                </field>
                
                <field id="activefontcolor" translate="label comment" type="text" sortOrder="110" showInDefault="1" showInWebsite="1" showInStore="1">
                    <label>Font Color</label>
                    <backend_model>Rootways\Megamenu\Model\Config\Backend\Design\Color\Validatetransparent</backend_model>
                    <frontend_model>Rootways\Megamenu\Block\System\Config\Form\Field\Color</frontend_model>
                    <comment>Default is FFFFFF</comment>
                </field>
                
                
                
                
                
                <field id="sub_heading" translate="label comment" sortOrder="120" showInDefault="1" showInWebsite="1" showInStore="1">
                    <label>Sub Category Design</label>
                    <frontend_model>Magento\Config\Block\System\Config\Form\Field\Heading</frontend_model>
                </field>
                
                <field id="submenubgcolor" translate="label comment" type="text" sortOrder="130" showInDefault="1" showInWebsite="1" showInStore="1">
                    <label>Submenu - Background Color</label>
                    <backend_model>Rootways\Megamenu\Model\Config\Backend\Design\Color\Validatetransparent</backend_model>
                    <frontend_model>Rootways\Megamenu\Block\System\Config\Form\Field\Color</frontend_model>
                    <comment>Default is FFFFFF</comment>
                </field>
                
                <field id="submenufountcolor" translate="label comment" type="text" sortOrder="140" showInDefault="1" showInWebsite="1" showInStore="1">
                    <label>Font Color</label>
                    <backend_model>Rootways\Megamenu\Model\Config\Backend\Design\Color\Validatetransparent</backend_model>
                    <frontend_model>Rootways\Megamenu\Block\System\Config\Form\Field\Color</frontend_model>
                    <comment>Default is 424242</comment>
                </field>
                
                <field id="submenufountsize" translate="label comment" type="text" sortOrder="150" showInDefault="1" showInWebsite="1" showInStore="1">
                    <label>Font Size</label>
                    <comment>Default is 13. Please do no write PX with font size.</comment>
                </field>
                
                <field id="submenuhoverfontcolor" translate="label comment" type="text" sortOrder="160" showInDefault="1" showInWebsite="1" showInStore="1">
                    <label>Hover Font Color</label>
                    <backend_model>Rootways\Megamenu\Model\Config\Backend\Design\Color\Validatetransparent</backend_model>
                    <frontend_model>Rootways\Megamenu\Block\System\Config\Form\Field\Color</frontend_model>
                    <comment>Default is 424242</comment>
                </field>
                
                <field id="submenuheadingcolor" translate="label comment" type="text" sortOrder="170" showInDefault="1" showInWebsite="1" showInStore="1">
                    <label>Heading Font Color</label>
                    <backend_model>Rootways\Megamenu\Model\Config\Backend\Design\Color\Validatetransparent</backend_model>
                    <frontend_model>Rootways\Megamenu\Block\System\Config\Form\Field\Color</frontend_model>
                    <comment>Default is 3399CC</comment>
                </field>
                
                <field id="submenuheadingfontsize" translate="label comment" type="text" sortOrder="180" showInDefault="1" showInWebsite="1" showInStore="1">
                    <label>Heading Font Size</label>
                    <comment>Default is 15. Please do no write PX with font size.</comment>
                </field>
                
                <field id="sub_uppercase" translate="label comment" type="select" sortOrder="190" showInDefault="1" showInWebsite="1" showInStore="1">
                    <label>Menu Font Style</label>
                    <source_model>Rootways\Megamenu\Model\Config\Backend\Design\Menulabel</source_model>
                    <comment>e.g Display sub-category font in upper case (Caps)</comment>
                </field>
                
                
                
                
                
                <field id="tabbing_heading" translate="label comment" sortOrder="200" showInDefault="1" showInWebsite="1" showInStore="1">
                    <label>Tabbing Menu Design</label>
                    <frontend_model>Magento\Config\Block\System\Config\Form\Field\Heading</frontend_model>
                </field>
                
                <field id="tebingbgcolor" translate="label comment" type="text" sortOrder="210" showInDefault="1" showInWebsite="1" showInStore="1">
                    <label>Menu Background Color</label>
                    <backend_model>Rootways\Megamenu\Model\Config\Backend\Design\Color\Validatetransparent</backend_model>
                    <frontend_model>Rootways\Megamenu\Block\System\Config\Form\Field\Color</frontend_model>
                    <comment>Default is FFFFFF</comment>
                </field>
                
                <field id="tebingfontcolor" translate="label comment" type="text" sortOrder="220" showInDefault="1" showInWebsite="1" showInStore="1">
                    <label>Font Color</label>
                    <backend_model>Rootways\Megamenu\Model\Config\Backend\Design\Color\Validatetransparent</backend_model>
                    <frontend_model>Rootways\Megamenu\Block\System\Config\Form\Field\Color</frontend_model>
                    <comment>Default is 424242</comment>
                </field>
                
                <field id="tebingfontsize" translate="label comment" type="text" sortOrder="230" showInDefault="1" showInWebsite="1" showInStore="1">
                    <label>Font Size</label>
                    <comment>Default is 12. Please do no write PX with font size.</comment>
                </field>
                
                <field id="tebinghoverfontcolor" translate="label comment" type="text" sortOrder="240" showInDefault="1" showInWebsite="1" showInStore="1">
                    <label>Hover Font Color</label>
                    <backend_model>Rootways\Megamenu\Model\Config\Backend\Design\Color\Validatetransparent</backend_model>
                    <frontend_model>Rootways\Megamenu\Block\System\Config\Form\Field\Color</frontend_model>
                    <comment>Default is 424242</comment>
                </field>
                
                <field id="tebingheadingbgcolor" translate="label comment" type="text" sortOrder="250" showInDefault="1" showInWebsite="1" showInStore="1">
                    <label>Heading - Background Color</label>
                    <backend_model>Rootways\Megamenu\Model\Config\Backend\Design\Color\Validatetransparent</backend_model>
                    <frontend_model>Rootways\Megamenu\Block\System\Config\Form\Field\Color</frontend_model>
                    <comment>Default is F5F5F5</comment>
                </field>
                
                <field id="tebingheadingbordercolor" translate="label comment" type="text" sortOrder="260" showInDefault="1" showInWebsite="1" showInStore="1">
                    <label>Heading Bottom Border Color</label>
                    <backend_model>Rootways\Megamenu\Model\Config\Backend\Design\Color\Validatetransparent</backend_model>
                    <frontend_model>Rootways\Megamenu\Block\System\Config\Form\Field\Color</frontend_model>
                    <comment>Default is E2E2E2</comment>
                </field>
                
                <field id="tebingheadingfontcolor" translate="label comment" type="text" sortOrder="270" showInDefault="1" showInWebsite="1" showInStore="1">
                    <label>Heading - Font Color</label>
                    <backend_model>Rootways\Megamenu\Model\Config\Backend\Design\Color\Validatetransparent</backend_model>
                    <frontend_model>Rootways\Megamenu\Block\System\Config\Form\Field\Color</frontend_model>
                    <comment>Default is 424242</comment>
                </field>
                
                <field id="tebingheadingfontsize" translate="label comment" type="text" sortOrder="280" showInDefault="1" showInWebsite="1" showInStore="1">
                    <label>Heading - Font Size</label>
                    <comment>Default is 12. Please do no write PX with font size.</comment>
                </field>
                
                <field id="tebinghoverbgcolor" translate="label comment" type="text" sortOrder="290" showInDefault="1" showInWebsite="1" showInStore="1">
                    <label>Heading Hover Background Color</label>
                    <backend_model>Rootways\Megamenu\Model\Config\Backend\Design\Color\Validatetransparent</backend_model>
                    <frontend_model>Rootways\Megamenu\Block\System\Config\Form\Field\Color</frontend_model>
                    <comment>Default is FFFFFF</comment>
                </field>
                
                <field id="tebingheadinghoverfontcolor" translate="label comment" type="text" sortOrder="300" showInDefault="1" showInWebsite="1" showInStore="1">
                    <label>Heading Hover Font Color</label>
                    <backend_model>Rootways\Megamenu\Model\Config\Backend\Design\Color\Validatetransparent</backend_model>
                    <frontend_model>Rootways\Megamenu\Block\System\Config\Form\Field\Color</frontend_model>
                    <comment>Default is 424242</comment>
                </field>
                
                
                
                
                
                
                <field id="simple_heading" translate="label comment" sortOrder="310" showInDefault="1" showInWebsite="1" showInStore="1">
                    <label>Simple Dropdown Design</label>
                    <frontend_model>Magento\Config\Block\System\Config\Form\Field\Heading</frontend_model>
                </field>
                
                <field id="simplesubbgcolor" translate="label comment" type="text" sortOrder="320" showInDefault="1" showInWebsite="1" showInStore="1">
                    <label>Simple Dropdown Menutype - Background Color</label>
                    <backend_model>Rootways\Megamenu\Model\Config\Backend\Design\Color\Validatetransparent</backend_model>
                    <frontend_model>Rootways\Megamenu\Block\System\Config\Form\Field\Color</frontend_model>
                    <comment>Default is F6F6F6</comment>
                </field>
                
                <field id="simplesubbordercolor" translate="label comment" type="text" sortOrder="330" showInDefault="1" showInWebsite="1" showInStore="1">
                    <label>Border Color</label>
                    <backend_model>Rootways\Megamenu\Model\Config\Backend\Design\Color\Validatetransparent</backend_model>
                    <frontend_model>Rootways\Megamenu\Block\System\Config\Form\Field\Color</frontend_model>
                    <comment>Default is F6F6F6</comment>
                </field>
                
                <field id="simplesubfontcolor" translate="label comment" type="text" sortOrder="340" showInDefault="1" showInWebsite="1" showInStore="1">
                    <label>Font Color</label>
                    <backend_model>Rootways\Megamenu\Model\Config\Backend\Design\Color\Validatetransparent</backend_model>
                    <frontend_model>Rootways\Megamenu\Block\System\Config\Form\Field\Color</frontend_model>
                    <comment>Default is 000000</comment>
                </field>
                
                <field id="simplesubfontsize" translate="label comment" type="text" sortOrder="350" showInDefault="1" showInWebsite="1" showInStore="1">
                    <label>Font Size</label>
                    <comment>Default is 12. Please do no write PX with font size.</comment>
                </field>
                
                <field id="simplesubhoerbgcolor" translate="label comment" type="text" sortOrder="360" showInDefault="1" showInWebsite="1" showInStore="1">
                    <label>Hove Background Color</label>
                    <backend_model>Rootways\Megamenu\Model\Config\Backend\Design\Color\Validatetransparent</backend_model>
                    <frontend_model>Rootways\Megamenu\Block\System\Config\Form\Field\Color</frontend_model>
                    <comment>Default is E2E2E2</comment>
                </field>
                
                <field id="simplesubhoverfontcolor" translate="label comment" type="text" sortOrder="370" showInDefault="1" showInWebsite="1" showInStore="1">
                    <label>Hover Font Color</label>
                    <backend_model>Rootways\Megamenu\Model\Config\Backend\Design\Color\Validatetransparent</backend_model>
                    <frontend_model>Rootways\Megamenu\Block\System\Config\Form\Field\Color</frontend_model>
                    <comment>Default is 000000</comment>
                </field>
                
            </group>
        </section>   
    </system>
</config>
